ID,Species,Length,A,T,C,G,GC%
gi|2765658|emb|Z78533.1|CIZ78533,C.irapeanum 5.8S,740,144,155,200,241,59.5945945945946
gi|2765657|emb|Z78532.1|CCZ78532,C.californicum 5.8S,753,184,204,161,204,48.472775564409034
gi|2765656|emb|Z78531.1|CFZ78531,C.fasciculatum 5.8S,748,154,167,192,235,57.085561497326196
gi|2765655|emb|Z78530.1|CMZ78530,C.margaritaceum 5.8S,744,179,211,154,200,47.58064516129033
gi|2765654|emb|Z78529.1|CLZ78529,C.lichiangense 5.8S,733,174,208,147,204,47.88540245566166
gi|2765652|emb|Z78527.1|CYZ78527,C.yatabeanum 5.8S,718,167,187,159,205,50.69637883008357
gi|2765651|emb|Z78526.1|CGZ78526,C.guttatum 5.8S,730,170,192,163,205,50.41095890410959
gi|2765650|emb|Z78525.1|CAZ78525,C.acaule 5.8S,704,159,190,161,194,50.42613636363637
gi|2765649|emb|Z78524.1|CFZ78524,C.formosanum 5.8S,740,178,208,148,205,47.767253044654936
gi|2765648|emb|Z78523.1|CHZ78523,C.himalaicum 5.8S,709,156,196,160,197,50.352609308885754
gi|2765647|emb|Z78522.1|CMZ78522,C.macranthum 5.8S,700,160,191,154,195,49.857142857142854
gi|2765646|emb|Z78521.1|CCZ78521,C.calceolus 5.8S,726,174,196,154,202,49.03581267217631
gi|2765645|emb|Z78520.1|CSZ78520,C.segawai 5.8S,753,172,208,161,212,49.53519256308101
gi|2765644|emb|Z78519.1|CPZ78519,C.pubescens 5.8S,699,159,197,154,189,49.07010014306152
gi|2765643|emb|Z78518.1|CRZ78518,C.reginae 5.8S,658,147,172,157,182,51.51975683890577
gi|2765642|emb|Z78517.1|CFZ78517,C.flavum 5.8S,752,182,196,171,203,49.734042553191486
gi|2765641|emb|Z78516.1|CPZ78516,C.passerinum 5.8S,726,174,195,164,193,49.17355371900827
gi|2765640|emb|Z78515.1|MXZ78515,M.xerophyticum 5.8S,765,159,195,188,223,53.72549019607843
gi|2765639|emb|Z78514.1|PSZ78514,P.schlimii 5.8S,755,158,174,201,222,56.026490066225165
gi|2765638|emb|Z78513.1|PBZ78513,P.besseae 5.8S,742,160,167,195,220,55.929919137466314
gi|2765637|emb|Z78512.1|PWZ78512,P.wallisii 5.8S,762,159,175,199,229,56.16797900262467
gi|2765636|emb|Z78511.1|PEZ78511,P.exstaminodium 5.8S,745,152,174,193,226,56.241610738255034
gi|2765635|emb|Z78510.1|PCZ78510,P.caricinum 5.8S,750,151,171,210,218,57.06666666666666
gi|2765634|emb|Z78509.1|PPZ78509,P.pearcei 5.8S,731,151,174,182,224,55.54035567715459
gi|2765633|emb|Z78508.1|PLZ78508,P.longifolium 5.8S,741,151,169,192,229,56.81511470985156
gi|2765632|emb|Z78507.1|PLZ78507,P.lindenii 5.8S,740,153,170,193,224,56.351351351351354
gi|2765631|emb|Z78506.1|PLZ78506,P.lindleyanum 5.8S,727,153,167,188,219,55.98349381017882
gi|2765630|emb|Z78505.1|PSZ78505,P.sargentianum 5.8S,711,149,166,182,214,55.69620253164557
gi|2765629|emb|Z78504.1|PKZ78504,P.kaiteurum 5.8S,743,162,171,194,216,55.18169582772544
gi|2765628|emb|Z78503.1|PCZ78503,P.czerwiakowianum 5.8S,727,149,169,191,218,56.2585969738652
gi|2765627|emb|Z78502.1|PBZ78502,P.boissierianum 5.8S,757,156,174,199,228,56.40686922060766
gi|2765626|emb|Z78501.1|PCZ78501,P.caudatum 5.8S,770,155,180,192,243,56.493506493506494
gi|2765625|emb|Z78500.1|PWZ78500,P.warszewiczianum 5.8S,767,149,179,196,243,57.23598435462842
gi|2765624|emb|Z78499.1|PMZ78499,P.micranthum 5.8S,759,170,198,185,206,51.515151515151516
gi|2765623|emb|Z78498.1|PMZ78498,P.malipoense 5.8S,750,172,193,187,198,51.33333333333333
gi|2765622|emb|Z78497.1|PDZ78497,P.delenatii 5.8S,788,179,195,197,217,52.53807106598985
gi|2765621|emb|Z78496.1|PAZ78496,P.armeniacum 5.8S,774,171,202,184,217,51.80878552971576
gi|2765620|emb|Z78495.1|PEZ78495,P.emersonii 5.8S,789,172,198,197,222,53.10519645120405
gi|2765619|emb|Z78494.1|PNZ78494,P.niveum 5.8S,688,162,182,163,181,50.0
gi|2765618|emb|Z78493.1|PGZ78493,P.godefroyae 5.8S,719,164,187,174,194,51.18219749652295
gi|2765617|emb|Z78492.1|PBZ78492,P.bellatulum 5.8S,743,167,200,177,199,50.6056527590848
gi|2765616|emb|Z78491.1|PCZ78491,P.concolor 5.8S,737,172,194,175,196,50.3392130257802
gi|2765615|emb|Z78490.1|PFZ78490,P.fairrieanum 5.8S,728,165,189,177,197,51.373626373626365
gi|2765614|emb|Z78489.1|PDZ78489,P.druryi 5.8S,740,173,188,177,202,51.21621621621622
gi|2765613|emb|Z78488.1|PTZ78488,P.tigrinum 5.8S,696,164,174,174,184,51.43678160919541
gi|2765612|emb|Z78487.1|PHZ78487,P.hirsutissimum 5.8S,732,173,185,180,194,51.09289617486339
gi|2765611|emb|Z78486.1|PBZ78486,P.barbigerum 5.8S,731,171,187,178,195,51.02599179206566
gi|2765610|emb|Z78485.1|PHZ78485,P.henryanum 5.8S,735,173,189,178,195,50.7482993197279
gi|2765609|emb|Z78484.1|PCZ78484,P.charlesworthii 5.8S,720,171,183,174,192,50.83333333333333
gi|2765608|emb|Z78483.1|PVZ78483,P.villosum 5.8S,740,180,191,179,190,49.86486486486486
gi|2765607|emb|Z78482.1|PEZ78482,P.exul 5.8S,629,143,156,161,167,52.312599681020735
gi|2765606|emb|Z78481.1|PIZ78481,P.insigne 5.8S,572,132,153,137,150,50.17482517482518
gi|2765605|emb|Z78480.1|PGZ78480,P.gratrixianum 5.8S,587,138,155,141,153,50.08517887563884
gi|2765604|emb|Z78479.1|PPZ78479,P.primulinum 5.8S,700,171,173,168,188,50.857142857142854
gi|2765603|emb|Z78478.1|PVZ78478,P.victoria 5.8S,636,147,164,147,178,51.100628930817614
gi|2765602|emb|Z78477.1|PVZ78477,P.victoria 5.8S,716,168,179,173,196,51.536312849162016
gi|2765601|emb|Z78476.1|PGZ78476,P.glaucophyllum 5.8S,592,136,157,147,152,50.50675675675676
gi|2765600|emb|Z78475.1|PSZ78475,P.supardii 5.8S,716,140,170,150,160,50.0
gi|2765599|emb|Z78474.1|PKZ78474,P.kolopakingii 5.8S,733,170,191,184,188,50.75034106412005
gi|2765598|emb|Z78473.1|PSZ78473,P.sanderianum 5.8S,626,139,168,155,164,50.95846645367412
gi|2765597|emb|Z78472.1|PLZ78472,P.lowii 5.8S,737,178,195,171,193,49.38941655359565
gi|2765596|emb|Z78471.1|PDZ78471,P.dianthum 5.8S,740,178,192,180,190,50.0
gi|2765595|emb|Z78470.1|PPZ78470,P.parishii 5.8S,574,134,160,136,144,48.78048780487805
gi|2765594|emb|Z78469.1|PHZ78469,P.haynaldianum 5.8S,594,141,161,143,149,49.158249158249156
gi|2765593|emb|Z78468.1|PAZ78468,P.adductum 5.8S,610,137,168,145,160,50.0
gi|2765592|emb|Z78467.1|PSZ78467,P.stonei 5.8S,730,170,189,178,193,50.821917808219176
gi|2765591|emb|Z78466.1|PPZ78466,P.philippinense 5.8S,641,144,171,158,168,50.858034321372855
gi|2765590|emb|Z78465.1|PRZ78465,P.rothschildianum 5.8S,702,165,190,163,184,49.43019943019943
gi|2765589|emb|Z78464.1|PGZ78464,P.glanduliferum 5.8S,733,170,194,181,188,50.34106412005457
gi|2765588|emb|Z78463.1|PGZ78463,P.glanduliferum 5.8S,738,167,193,178,200,51.21951219512195
gi|2765587|emb|Z78462.1|PSZ78462,P.sukhakulii 5.8S,736,100,133,111,127,50.530785562632694
gi|2765586|emb|Z78461.1|PWZ78461,P.wardii 5.8S,732,174,189,190,179,50.409836065573764
gi|2765585|emb|Z78460.1|PCZ78460,P.ciliolare 5.8S,745,172,195,179,199,50.738255033557046
gi|2765584|emb|Z78459.1|PDZ78459,P.dayanum 5.8S,744,171,198,177,198,50.403225806451616
gi|2765583|emb|Z78458.1|PHZ78458,P.hennisianum 5.8S,738,167,194,178,199,51.0840108401084
gi|2765582|emb|Z78457.1|PCZ78457,P.callosum 5.8S,739,170,196,182,191,50.47361299052774
gi|2765581|emb|Z78456.1|PTZ78456,P.tonsum 5.8S,740,171,195,175,199,50.54054054054053
gi|2765580|emb|Z78455.1|PJZ78455,P.javanicum 5.8S,745,180,198,184,183,49.261744966442954
gi|2765579|emb|Z78454.1|PFZ78454,P.fowliei 5.8S,695,161,181,171,181,50.720461095100866
gi|2765578|emb|Z78453.1|PSZ78453,P.schoseri 5.8S,745,174,195,182,194,50.46979865771812
gi|2765577|emb|Z78452.1|PBZ78452,P.bougainvilleanum 5.8S,743,178,198,174,193,49.39434724091521
gi|2765576|emb|Z78451.1|PHZ78451,P.hookerae 5.8S,730,176,183,188,183,50.821917808219176
gi|2765575|emb|Z78450.1|PPZ78450,P.papuanum 5.8S,706,168,181,178,179,50.56657223796034
gi|2765574|emb|Z78449.1|PMZ78449,P.mastersianum 5.8S,744,173,199,180,192,50.0
gi|2765573|emb|Z78448.1|PAZ78448,P.argus 5.8S,742,172,194,177,197,50.54054054054053
gi|2765572|emb|Z78447.1|PVZ78447,P.venustum 5.8S,694,162,175,168,189,51.44092219020173
gi|2765571|emb|Z78446.1|PAZ78446,P.acmodontum 5.8S,712,168,187,170,187,50.14044943820225
gi|2765570|emb|Z78445.1|PUZ78445,P.urbanianum 5.8S,715,161,191,174,189,50.76923076923077
gi|2765569|emb|Z78444.1|PAZ78444,P.appletonianum 5.8S,688,168,185,165,170,48.69186046511628
gi|2765568|emb|Z78443.1|PLZ78443,P.lawrenceanum 5.8S,784,139,160,143,168,50.98360655737705
gi|2765567|emb|Z78442.1|PBZ78442,P.bullenianum 5.8S,721,171,184,179,187,50.762829403606105
gi|2765566|emb|Z78441.1|PSZ78441,P.superbiens 5.8S,703,164,181,175,183,50.924608819345664
gi|2765565|emb|Z78440.1|PPZ78440,P.purpuratum 5.8S,744,179,194,185,186,49.865591397849464
gi|2765564|emb|Z78439.1|PBZ78439,P.barbatum 5.8S,592,135,161,136,160,50.0
